,"('SecStruc', 'Front', 'Back')"
count,1037.0
mean,5.589199614271938
std,4.834819716873801
min,1.0
25%,2.0
50%,4.0
75%,8.0
max,31.0
