,Label,Phi,Psi,SecStruc,Front,Back,N-CA-CB-CG--SIN,CA-CB-CG-CD--SIN,CB-CG-CD-NE--SIN,CG-CD-NE-CZ--SIN,CD-NE-CZ-NH1--SIN,CD-NE-CZ-NH2--SIN,N-CA-CB-CG--COS,CA-CB-CG-CD--COS,CB-CG-CD-NE--COS,CG-CD-NE-CZ--COS,CD-NE-CZ-NH1--COS,CD-NE-CZ-NH2--COS
count,5796.0,5796.0,5796.0,5796.0,5796.0,5796.0,5796.0,5796.0,5796.0,5796.0,5796.0,5796.0,5796.0,5796.0,5796.0,5796.0,5796.0,5796.0
mean,2897.5,35.77109556959979,-80.3967260250167,0.7030710835058661,8.498619737750172,8.655797101449275,-0.4369321106553574,-0.044386786940078506,-0.012177549429219132,-0.0071679260284329945,-7.046502300523408e-05,-5.9715314116878064e-05,-0.10871150826118758,-0.6716070932508572,-0.2762507615968953,-0.43042155061332893,0.8422030845925149,-0.842225084762473
std,1673.3054114536294,86.32221360735184,41.807958861637196,0.6623076939007297,6.041487125548026,6.032273215053437,0.5932735883438789,0.5118305380135999,0.6758854622551168,0.7273121669098942,0.027555652385697592,0.027627563051464635,0.6674100443803851,0.5339453277068489,0.683282835918803,0.534643344436375,0.5385023753440378,0.5384642767057662
min,0.0,-179.87599999999995,-178.708,0.0,0.0,0.0,-0.9999995721648643,-0.9999999341051604,-0.9999999390765166,-0.9999998450091376,-0.999984217872394,-0.22450887608807776,-1.0,-0.9999999925368732,-0.9999999986292216,-0.9999998341358196,-1.0,-1.0
25%,1448.75,-40.222475,-106.69874999999999,0.0,3.0,3.0,-0.9281868871495417,-0.3025403987337315,-0.7328894258009971,-0.8417339446126524,-0.007182386996956475,-0.010175093955397884,-0.9668155837703596,-0.9935703737364874,-0.9839644990201337,-0.9708661838973305,0.9997324898127524,-0.9999910063364704
50%,2897.5,-9.096699999999998,-72.74,1.0,8.0,9.0,-0.7637887031335517,-0.02293161604006589,-0.008482198402459071,0.006780551566037819,-5.42818341054016e-05,-8.786999734202258e-05,0.22179697003532833,-0.9659077543687,-0.3283225404125384,-0.5088010285975284,0.99996463586567,-0.9999360456451858
75%,4346.25,132.21800000000002,-61.1298,1.0,14.0,14.0,-0.030848163189107155,0.22498931758694612,0.6658075252151026,0.7927074322956543,0.006997020236171305,0.009847861122282784,0.44665072218425866,-0.6560095667578189,0.4064017838579728,0.06760564371504275,0.9999946713139508,-0.9996564106186592
max,5795.0,179.845,179.947,2.0,19.0,19.0,0.9998617911384198,0.999999508615588,0.9999999850722234,0.9999999461680099,0.2739155759741265,0.9996655445129058,0.9999986937075602,0.9999741544022429,0.9997781431485758,0.99987800784755,0.9999999999912668,0.999999996086217
