,Label,Phi,Psi,SecStruc,Front,Back,N-CA-CB-CG--SIN,CA-CB-CG-CD--SIN,CB-CG-CD-NE--SIN,CG-CD-NE-CZ--SIN,CD-NE-CZ-NH1--SIN,CD-NE-CZ-NH2--SIN,N-CA-CB-CG--COS,CA-CB-CG-CD--COS,CB-CG-CD-NE--COS,CG-CD-NE-CZ--COS,CD-NE-CZ-NH1--COS,CD-NE-CZ-NH2--COS
count,188509.0,188509.0,188509.0,188509.0,188509.0,188509.0,188509.0,188509.0,188509.0,188509.0,188509.0,188509.0,188509.0,188509.0,188509.0,188509.0,188509.0,188509.0
mean,94254.0,31.49458845846881,-80.90536971572254,0.6485578937875646,8.401503376496613,8.47946782381743,-0.45502272861937765,-0.04710690009990295,-0.02966776358988796,-0.02069805678171048,0.00015321958979246295,-1.7746964708965275e-05,-0.0897557281644078,-0.6897634403957004,-0.26130094862245207,-0.4144890858660883,0.8249764783232176,-0.8251463582715886
std,54418.00528470945,85.16766254848511,45.796731833576104,0.6463347732568818,6.2157843595956965,6.169972306145268,0.587304707593903,0.49113371764004354,0.672485499909075,0.7428810243887943,0.04809322712298199,0.04745261343519916,0.6633065429189602,0.5299035542489912,0.6918163256291261,0.5252642791156633,0.5631185689293274,0.5629239997889649
min,0.0,-180.0,-179.94099999999997,0.0,0.0,0.0,-0.9999999999984768,-0.9999999987190836,-0.9999999994501656,-0.9999999999984768,-0.9999999882052136,-0.9998269605450268,-1.0,-1.0,-1.0,-1.0,-1.0,-1.0
25%,47127.0,-40.8084,-105.619,0.0,3.0,3.0,-0.9285046223068454,-0.27117167108035817,-0.7597935376046426,-0.8918764807752381,-0.008325298890026008,-0.011409493363167985,-0.9711092954195768,-0.9946776704680635,-0.9868190242613796,-0.9656497269969492,0.9995502920091666,-0.9999872790512117
50%,94254.0,-17.03,-71.3107,1.0,8.0,8.0,-0.8052147500448746,-0.019214892472854527,-0.024187904270249395,-0.01209483681455038,6.329785593980994e-05,-0.0001047197549276684,0.2645446905687292,-0.9726787185359732,-0.20792876268229496,-0.44493218399984535,0.999946943878648,-0.9999174961155924
75%,141381.0,130.203,-61.4678,1.0,15.0,15.0,-0.04238134985118214,0.19870087469464828,0.6293475181780203,0.8191620549615535,0.008774844362342861,0.011152422724025637,0.44382520199827735,-0.7732097157410236,0.4194552511847968,0.07930642243950804,0.9999932128998702,-0.9995410229645136
max,188508.0,179.99200000000005,10000.0,2.0,19.0,19.0,0.999999899401622,0.9999999999984768,0.9999999999939077,0.9999999996573052,0.9999782260852518,0.9999999953926616,0.9999999716551304,0.9999922455917564,0.9999999978391084,0.9999991062309692,0.9999999999984236,0.9999999999984158
