,"('SecStruc', 'Front', 'Back')"
count,1200.0
mean,157.09083333333334
std,167.41690356404087
min,1.0
25%,48.0
50%,95.0
75%,212.5
max,1365.0
