,Label,Phi,Psi,SecStruc,Front,Back,N-CA-CB-CG--SIN,CA-CB-CG-OD1--SIN,CA-CB-CG-ND2--SIN,N-CA-CB-CG--COS,CA-CB-CG-OD1--COS,CA-CB-CG-ND2--COS
count,6542.0,6542.0,6542.0,6542.0,6542.0,6542.0,6542.0,6542.0,6542.0,6542.0,6542.0,6542.0
mean,3270.5,39.06985227092936,-75.30095352644459,0.9948028125955365,8.618006725771934,8.387496178538672,-0.4301555815927113,-0.15839962504346358,0.15821594422813934,-0.035984740980542385,0.4260587727081268,-0.4244572741149861
std,1888.6570625711804,81.24387066907748,56.70194191316981,0.7420601789768081,6.012019744707115,5.9977152199198045,0.6343504919729109,0.6661562163506785,0.6654804517365813,0.6414009065491677,0.591388764108922,0.5933472986735019
min,0.0,-179.93400000000003,-179.426,0.0,0.0,0.0,-0.9999990470334922,-0.9999999902522426,-0.9999990252244152,-0.9999999993907652,-0.9999988735249932,-0.9999999701474929
25%,1635.25,-29.404600000000002,-108.50875,0.0,3.0,3.0,-0.9321145756265632,-0.7623174216381153,-0.470199538732529,-0.9300557021074228,0.17239457892631546,-0.8937592385241815
50%,3270.5,25.99165,-81.3048,1.0,9.0,8.0,-0.7962069029443721,-0.3362562160410182,0.3352953654735185,0.2836890008160135,0.6456529618542429,-0.6461373004641087
75%,4905.75,116.74175,-61.9504,2.0,15.0,14.0,-0.09092371443000483,0.4714967724695883,0.762662678304621,0.4585068621206232,0.890771865776881,-0.16250972898239352
max,6541.0,179.94099999999997,179.96400000000003,2.0,19.0,19.0,0.9999986050825278,0.9999996328126616,0.9999999289388491,0.9964358768215246,0.9999998218182232,0.999991967872724
