,N-CA-CB-CG--SIN,CA-CB-CG-OD1--SIN,CA-CB-CG-ND2--SIN,N-CA-CB-CG--COS,CA-CB-CG-OD1--COS,CA-CB-CG-ND2--COS
N-CA-CB-CG--SIN,1.0,0.196652675120714,-0.19606403843554218,-0.22282488712979384,0.07178390412814702,-0.07514441481529174
CA-CB-CG-OD1--SIN,0.196652675120714,1.0,-0.9995578832587628,-0.12514054401808686,-0.15005675514705896,0.14820361193467982
CA-CB-CG-ND2--SIN,-0.19606403843554218,-0.9995578832587628,1.0,0.12612226507511629,0.14950104088605382,-0.14738295425629586
N-CA-CB-CG--COS,-0.22282488712979384,-0.12514054401808686,0.12612226507511629,1.0,-0.01843351512907856,0.01983621888027617
CA-CB-CG-OD1--COS,0.07178390412814702,-0.15005675514705896,0.14950104088605382,-0.01843351512907856,1.0,-0.9993141202129817
CA-CB-CG-ND2--COS,-0.07514441481529174,0.14820361193467982,-0.14738295425629586,0.01983621888027617,-0.9993141202129817,1.0
