,Label,Phi,Psi,SecStruc,Front,Back,N-CA-CB-CG--SIN,CA-CB-CG-OD1--SIN,CA-CB-CG-ND2--SIN,N-CA-CB-CG--COS,CA-CB-CG-OD1--COS,CA-CB-CG-ND2--COS
count,161642.0,161642.0,161642.0,161642.0,161642.0,161642.0,161642.0,161642.0,161642.0,161642.0,161642.0,161642.0
mean,80820.5,36.20748863871383,-73.5697672179403,0.9479590700436767,8.566406008339417,8.311503198426152,-0.4434650337444055,-0.15326620551813522,0.15327131192475738,-0.02261785624169165,0.4219029087548615,-0.4199993532763396
std,46662.17044351879,79.90636020533103,61.38065661192243,0.7421522142406608,6.0943991533717,6.040430628573671,0.6349113125003187,0.6609643848948535,0.6601402190225416,0.6322339665141151,0.6013638064734105,0.6035961309745785
min,0.0,-179.99400000000003,-179.955,0.0,0.0,0.0,-0.9999999999984768,-0.9999999998476912,-0.9999999986292216,-0.9999999998476912,-1.0,-1.0
25%,40410.25,-31.79795,-106.33675000000001,0.0,3.0,3.0,-0.9376956293534032,-0.7496645092393787,-0.46657189631574947,-0.9277059996531432,0.1541607368995879,-0.9000888603832928
50%,80820.5,21.3815,-79.6425,1.0,8.0,8.0,-0.8273350642691406,-0.3166243135114318,0.3118540544623462,0.293020069860787,0.6498719745425217,-0.6501511645240085
75%,121230.75,112.84275,-61.685725,2.0,15.0,14.0,-0.0889290652044302,0.47011250906547397,0.749841788674685,0.44888781998638605,0.8970561928822745,-0.14264059422012643
max,161641.0,179.99400000000003,10000.0,2.0,19.0,19.0,0.9999997389489749,0.9999999995065196,0.9999999999025224,0.9999999560888784,0.9999999999812056,0.9999999986247036
