,"('SecStruc', 'Front', 'Back')"
count,1090.0
mean,6.001834862385321
std,4.5617884634823165
min,1.0
25%,2.0
50%,5.0
75%,8.0
max,27.0
