,N-CA-CB-CG--SIN,CA-CB-CG-OD1--SIN,CA-CB-CG-ND2--SIN,N-CA-CB-CG--COS,CA-CB-CG-OD1--COS,CA-CB-CG-ND2--COS
N-CA-CB-CG--SIN,1.0,-0.0019973909890269453,0.01545676139900237,-0.008677276556212409,0.003430676367009442,0.006856771242237299
CA-CB-CG-OD1--SIN,-0.0019973909890269453,1.0,-0.31205455247767283,0.023088833041630452,0.007474360433538116,0.1152214114973299
CA-CB-CG-ND2--SIN,0.01545676139900237,-0.31205455247767283,1.0,-0.012279672687802551,-0.10421127084419782,-0.002970313843079308
N-CA-CB-CG--COS,-0.008677276556212409,0.023088833041630452,-0.012279672687802551,1.0,0.01189903076845875,0.004590793905466469
CA-CB-CG-OD1--COS,0.003430676367009442,0.007474360433538116,-0.10421127084419782,0.01189903076845875,1.0,-0.29064350457825516
CA-CB-CG-ND2--COS,0.006856771242237299,0.1152214114973299,-0.002970313843079308,0.004590793905466469,-0.29064350457825516,1.0
