,"('SecStruc', 'Front', 'Back')"
count,1200.0
mean,134.70166666666665
std,105.03615961298324
min,4.0
25%,55.0
50%,109.0
75%,183.0
max,633.0
