,Label,Phi,Psi,SecStruc,Front,Back,N-CA-CB-CG--SIN,CA-CB-CG-OD1--SIN,CA-CB-CG-OD2--SIN,N-CA-CB-CG--COS,CA-CB-CG-OD1--COS,CA-CB-CG-OD2--COS
count,7489.0,7489.0,7489.0,7489.0,7489.0,7489.0,7489.0,7489.0,7489.0,7489.0,7489.0,7489.0
mean,3744.0,32.86336068492456,-76.00455031446111,0.8778208038456403,8.386433435705701,8.324075310455335,-0.356285096090821,-0.12375426531891595,0.12209176482330421,-0.07896744320157564,0.5132504427789344,-0.5145579285644044
std,2162.0324157298537,85.6488227946763,124.73313001940717,0.7433111661923015,5.968753905859326,6.023419274560595,0.6647411343173086,0.5727344627914475,0.570380816051601,0.6519663023958826,0.627160602953803,0.6285583989373569
min,0.0,-179.997,-179.36700000000005,0.0,0.0,0.0,-0.9999997313274478,-0.99999994443626,-0.9999999999025224,-0.9999999961922824,-0.9999999961922824,-0.9999999925368732
25%,1872.0,-37.4288,-98.8118,0.0,3.0,3.0,-0.9330063030875656,-0.5956908932901701,-0.28998403126156697,-0.9585566035356516,0.3714585825308168,-0.9594518380478886
50%,3744.0,8.4822,-75.658,1.0,8.0,8.0,-0.6167199294697989,-0.20196687250701964,0.1948677838752033,0.2635632778328255,0.7962111295863694,-0.8021092960264107
75%,5616.0,116.232,-61.4834,1.0,14.0,14.0,-0.007696826004489819,0.29370667262360284,0.5873898218335774,0.436271044110568,0.9575597910936168,-0.3674753565882334
max,7488.0,179.967,10000.0,2.0,19.0,19.0,0.9999985610120234,0.9999993722383946,0.999996627667734,0.9980533343801506,0.9999999996691544,0.9999999839383742
