,"('SecStruc', 'Front', 'Back')"
count,1114.0
mean,6.72262118491921
std,5.022437521543475
min,1.0
25%,3.0
50%,5.0
75%,9.0
max,30.0
