,N-CA-CB-CG--SIN,CA-CB-CG-OD1--SIN,CA-CB-CG-OD2--SIN,N-CA-CB-CG--COS,CA-CB-CG-OD1--COS,CA-CB-CG-OD2--COS
N-CA-CB-CG--SIN,1.0,0.013195251569561564,2.4531872208628604e-05,-0.003305871225464057,-0.0037419039903113073,-0.008851755702005438
CA-CB-CG-OD1--SIN,0.013195251569561564,1.0,-0.23013703771806737,0.0013331723190533847,0.0017471862606878686,0.14490109672881663
CA-CB-CG-OD2--SIN,2.4531872208628604e-05,-0.23013703771806737,1.0,-0.003010237910810096,-0.15215871171983103,0.0021704985278910485
N-CA-CB-CG--COS,-0.003305871225464057,0.0013331723190533847,-0.003010237910810096,1.0,-0.014819237753030902,-0.010940161499119038
CA-CB-CG-OD1--COS,-0.0037419039903113073,0.0017471862606878686,-0.15215871171983103,-0.014819237753030902,1.0,-0.25923261150571547
CA-CB-CG-OD2--COS,-0.008851755702005438,0.14490109672881663,0.0021704985278910485,-0.010940161499119038,-0.25923261150571547,1.0
