,Label,Phi,Psi,SecStruc,Front,Back,N-CA-CB-CG--SIN,CA-CB-CG-OD1--SIN,CA-CB-CG-OD2--SIN,N-CA-CB-CG--COS,CA-CB-CG-OD1--COS,CA-CB-CG-OD2--COS
count,7489.0,7489.0,7489.0,7489.0,7489.0,7489.0,7489.0,7489.0,7489.0,7489.0,7489.0,7489.0
mean,3744.0,32.86336068492456,-76.00455031446111,0.8778208038456403,8.386433435705701,8.324075310455335,-0.00966717463830325,-0.0014321651390320547,-0.004170130909891747,-0.015611221245163374,-0.0019840900604554414,-0.01742816256275225
std,2162.0324157298537,85.6488227946763,124.73313001940717,0.7433111661923015,5.968753905859326,6.023419274560595,0.7017806101658944,0.7051868767726037,0.7027547582584268,0.7122501756280373,0.709111435055347,0.7113003043901389
min,0.0,-179.997,-179.36700000000005,0.0,0.0,0.0,-0.9999994416450534,-0.9999998204937436,-0.9999988230208036,-0.999999962936897,-0.9999997819239044,-0.9999999518891736
25%,1872.0,-37.4288,-98.8118,0.0,3.0,3.0,-0.7052892175883031,-0.7137544067796321,-0.7006660560375529,-0.7345142615925065,-0.7017766631760619,-0.7335274417933961
50%,3744.0,8.4822,-75.658,1.0,8.0,8.0,-0.016780466999700417,0.008830917781204184,-0.02218019429618006,-0.03582868274943751,-0.0057448703228080095,-0.03420029642092175
75%,5616.0,116.232,-61.4834,1.0,14.0,14.0,0.6799830971787724,0.69827327739116,0.697093408201303,0.7004819897028457,0.7154307337048091,0.6934336453206921
max,7488.0,179.967,10000.0,2.0,19.0,19.0,0.9999986518326209,0.9999999543900632,0.9999999998864147,0.9999999999945752,0.9999989138980238,0.9999999999945752
