,N-CA-CB-CG--SIN,CA-CB-CG-OD1--SIN,CA-CB-CG-OD2--SIN,N-CA-CB-CG--COS,CA-CB-CG-OD1--COS,CA-CB-CG-OD2--COS
N-CA-CB-CG--SIN,1.0,0.18230423212666988,-0.181392230190746,-0.14209306614709244,-0.08038614625074898,0.0791460982317186
CA-CB-CG-OD1--SIN,0.18230423212666988,1.0,-0.999624057742937,-0.22888939844958472,-0.08659390274328757,0.08615446772223412
CA-CB-CG-OD2--SIN,-0.181392230190746,-0.999624057742937,1.0,0.22929766763152257,0.08531107866317376,-0.08475727027098424
N-CA-CB-CG--COS,-0.14209306614709244,-0.22888939844958472,0.22929766763152257,1.0,0.03347238543785859,-0.03350362192112697
CA-CB-CG-OD1--COS,-0.08038614625074898,-0.08659390274328757,0.08531107866317376,0.03347238543785859,1.0,-0.999752088477822
CA-CB-CG-OD2--COS,0.0791460982317186,0.08615446772223412,-0.08475727027098424,-0.03350362192112697,-0.999752088477822,1.0
