,Label,Phi,Psi,SecStruc,Front,Back,N-CA-CB-SG--SIN,N-CA-CB-SG--COS
count,1452.0,1452.0,1452.0,1452.0,1452.0,1452.0,1452.0,1452.0
mean,725.5,44.90595508126717,-89.65215227272729,0.8078512396694215,8.074380165289256,8.550964187327823,-0.3043405808454251,0.027866939744593422
std,419.3006081560102,91.28202644490626,44.13127561824719,0.6792131174400757,5.980554691592068,5.9374890126569735,0.7094844592771894,0.6354973306066253
min,0.0,-179.94299999999996,-178.335,0.0,0.0,0.0,-0.9999817978712866,-0.9999999390765166
25%,362.75,-38.674924999999995,-120.62125,0.0,3.0,3.0,-0.9214448172479768,-0.9212582047686741
50%,725.5,23.91115,-81.9349,1.0,8.0,9.0,-0.7414150694453612,0.33185077702381116
75%,1088.25,134.72549999999998,-63.560624999999995,1.0,13.0,14.0,0.13609165096119902,0.48289307858811076
max,1451.0,179.601,179.22099999999998,2.0,19.0,19.0,0.999920538964996,0.9849688347618576
