,Label,Phi,Psi,SecStruc,Front,Back,N-CA-CB-SG--SIN,N-CA-CB-SG--COS
count,50460.0,50460.0,50460.0,50460.0,50460.0,50460.0,50460.0,50460.0
mean,25229.5,55.56507866670532,-90.86546708501753,0.8244748315497423,8.431430836305985,8.663119302417757,-0.3444282097654233,0.02471039125534872
std,14566.691628506454,90.18494723421944,42.559945833201674,0.6510882609010441,6.119125904168276,6.169485640093082,0.6850680327410553,0.641449803440518
min,0.0,-179.998,-179.872,0.0,0.0,0.0,-0.9999999765810128,-1.0
25%,12614.75,-36.719049999999996,-121.0215,0.0,3.0,3.0,-0.9187414256262479,-0.9442844947980116
50%,25229.5,87.10475,-86.4813,1.0,8.0,9.0,-0.7742838611316804,0.3390039344635366
75%,37844.25,138.85475,-64.5952,1.0,14.0,15.0,0.06247697706351869,0.4755432212023569
max,50459.0,179.99400000000003,179.78400000000005,2.0,19.0,19.0,0.9999999780675458,0.9996898523495364
