,"('SecStruc', 'Front', 'Back')"
count,678.0
mean,2.1415929203539825
std,1.5240112079504755
min,1.0
25%,1.0
50%,2.0
75%,3.0
max,11.0
