,"('SecStruc', 'Front', 'Back')"
count,1195.0
mean,42.22594142259414
std,38.7562389835149
min,1.0
25%,15.0
50%,29.0
75%,57.5
max,255.0
