,"('SecStruc', 'Front', 'Back')"
count,991.0
mean,4.747729566094853
std,4.063005355237748
min,1.0
25%,2.0
50%,4.0
75%,6.0
max,25.0
