,Label,Phi,Psi,SecStruc,Front,Back,N-CA-CB-CG--SIN,CA-CB-CG-CD--SIN,CB-CG-CD-OE1--SIN,CB-CG-CD-NE2--SIN,N-CA-CB-CG--COS,CA-CB-CG-CD--COS,CB-CG-CD-OE1--COS,CB-CG-CD-NE2--COS
count,4705.0,4705.0,4705.0,4705.0,4705.0,4705.0,4705.0,4705.0,4705.0,4705.0,4705.0,4705.0,4705.0,4705.0
mean,2352.0,32.750689908522766,-81.18655951540907,0.7251859723698193,8.658873538788523,8.447183846971306,-0.49226849365663883,-0.04328800258541673,-0.0008834529303292863,0.0005754878162217164,-0.03555535303337365,-0.45696366715354303,0.3467026663403677,-0.3463606581966156
std,1358.3608381673357,86.16491225108715,40.40520355696869,0.6617054120635588,6.0676019458821235,6.057215948605295,0.5701007813313238,0.5989713850882614,0.7010953403690376,0.7001056245530283,0.6569272768527887,0.6562860894061545,0.6232566373019943,0.6245583718009142
min,0.0,-179.666,-179.105,0.0,0.0,0.0,-0.99999929157572,-0.999999895449211,-0.9999986855136751,-0.9999983079786496,-0.9999998719083776,-0.9999999925368732,-0.9999989758764096,-0.9999999780675458
25%,1176.0,-40.5578,-104.009,0.0,3.0,3.0,-0.92964021255215,-0.4635280267948152,-0.7224098233536465,-0.7112903627557938,-0.9406499794177676,-0.9917697778774256,0.0374041505096232,-0.8329405572118251
50%,2352.0,-12.6237,-73.8315,1.0,9.0,8.0,-0.8209828283807361,-0.013421178993382785,-0.013805115846352887,0.0118854123600701,0.2857101109809218,-0.9386616552206274,0.5605031346538762,-0.5625307892141149
75%,3528.0,129.755,-62.1165,1.0,14.0,14.0,-0.09386504883290643,0.27900786628333685,0.7146582682087597,0.7200547392966522,0.4741834830898734,0.28693420392125163,0.8304986934152893,-0.02638980491573555
max,4704.0,179.988,177.74400000000003,2.0,19.0,19.0,0.9995952093292544,0.9999993604497031,0.9999999610089704,0.9999951362248168,0.999998104490167,0.9833771390579844,0.999999999238496,0.999996075709826
