,"('SecStruc', 'Front', 'Back')"
count,1199.0
mean,112.55713094245205
std,114.94641212267202
min,1.0
25%,33.0
50%,71.0
75%,156.5
max,901.0
