,N-CA-CB-CG--SIN,CA-CB-CG-CD--SIN,CB-CG-CD-OE1--SIN,CB-CG-CD-NE2--SIN,N-CA-CB-CG--COS,CA-CB-CG-CD--COS,CB-CG-CD-OE1--COS,CB-CG-CD-NE2--COS
N-CA-CB-CG--SIN,1.0,0.009226030645983032,0.015145769604069041,-0.015372495839644222,0.0006739762688789115,0.005058176780402639,-0.013875478527824992,-0.011784337809923898
CA-CB-CG-CD--SIN,0.009226030645983032,1.0,0.013267017891169578,0.014911276443065677,-0.012182026102220815,0.003326193665244055,-0.004507525868523231,0.008100751156735085
CB-CG-CD-OE1--SIN,0.015145769604069041,0.013267017891169578,1.0,-0.33766909705002573,0.016807681780610664,0.004021733277561405,0.021881034202838025,-0.024364939669955475
CB-CG-CD-NE2--SIN,-0.015372495839644222,0.014911276443065677,-0.33766909705002573,1.0,-0.0032872234734663453,-0.006938230294489342,-0.01964031867282251,-0.003763781822823852
N-CA-CB-CG--COS,0.0006739762688789115,-0.012182026102220815,0.016807681780610664,-0.0032872234734663453,1.0,0.0050249508209443345,0.011735943942111506,-0.0069044120562708365
CA-CB-CG-CD--COS,0.005058176780402639,0.003326193665244055,0.004021733277561405,-0.006938230294489342,0.0050249508209443345,1.0,-0.013050577721673697,-0.004471746173138842
CB-CG-CD-OE1--COS,-0.013875478527824992,-0.004507525868523231,0.021881034202838025,-0.01964031867282251,0.011735943942111506,-0.013050577721673697,1.0,-0.3555490795897387
CB-CG-CD-NE2--COS,-0.011784337809923898,0.008100751156735085,-0.024364939669955475,-0.003763781822823852,-0.0069044120562708365,-0.004471746173138842,-0.3555490795897387,1.0
