,N-CA-CB-CG--SIN,CA-CB-CG-CD--SIN,CB-CG-CD-OE1--SIN,CB-CG-CD-NE2--SIN,N-CA-CB-CG--COS,CA-CB-CG-CD--COS,CB-CG-CD-OE1--COS,CB-CG-CD-NE2--COS
N-CA-CB-CG--SIN,1.0,0.20007712740844802,0.05129140403958463,-0.05090248299422096,-0.3926949717622872,-0.08148130753495987,-0.00445285729570928,0.0035602117789222767
CA-CB-CG-CD--SIN,0.20007712740844802,1.0,0.15202789044283188,-0.15178299090393696,-0.37196068580187847,-0.1271537285137669,0.04143096298446513,-0.04141751937765325
CB-CG-CD-OE1--SIN,0.05129140403958463,0.15202789044283188,1.0,-0.9998053403266276,-0.11263979796223333,-0.017265285360723182,-0.028960346173552514,0.0292030714087859
CB-CG-CD-NE2--SIN,-0.05090248299422096,-0.15178299090393696,-0.9998053403266276,1.0,0.11221163667668602,0.017802512476540598,0.02886085692602203,-0.02907828158430692
N-CA-CB-CG--COS,-0.3926949717622872,-0.37196068580187847,-0.11263979796223333,0.11221163667668602,1.0,-0.009592966261516239,-0.002705807898169763,0.003230855856076783
CA-CB-CG-CD--COS,-0.08148130753495987,-0.1271537285137669,-0.017265285360723182,0.017802512476540598,-0.009592966261516239,1.0,-0.014634450259152606,0.01431504845789146
CB-CG-CD-OE1--COS,-0.00445285729570928,0.04143096298446513,-0.028960346173552514,0.02886085692602203,-0.002705807898169763,-0.014634450259152606,1.0,-0.9996623515502907
CB-CG-CD-NE2--COS,0.0035602117789222767,-0.04141751937765325,0.0292030714087859,-0.02907828158430692,0.003230855856076783,0.01431504845789146,-0.9996623515502907,1.0
