,N-CA-CB-CG--SIN,CA-CB-CG-CD--SIN,CB-CG-CD-OE1--SIN,CB-CG-CD-OE2--SIN,N-CA-CB-CG--COS,CA-CB-CG-CD--COS,CB-CG-CD-OE1--COS,CB-CG-CD-OE2--COS
N-CA-CB-CG--SIN,1.0,0.07777226883218862,0.09361649644053682,-0.09225984558727424,-0.3973199139928113,-0.07992477724614389,-0.05433385064933695,0.0538037850306658
CA-CB-CG-CD--SIN,0.07777226883218862,1.0,0.21043556263119073,-0.20995506140354428,-0.2797456003042631,-0.11037713770110645,0.012535287002670262,-0.01276108426333308
CB-CG-CD-OE1--SIN,0.09361649644053682,0.21043556263119073,1.0,-0.9994948502178239,-0.109415656676743,-0.038554630503728406,-0.026383965167932906,0.026538767635429006
CB-CG-CD-OE2--SIN,-0.09225984558727424,-0.20995506140354428,-0.9994948502178239,1.0,0.10804743132378504,0.03932426016554161,0.026085944575457175,-0.026218066641942032
N-CA-CB-CG--COS,-0.3973199139928113,-0.2797456003042631,-0.109415656676743,0.10804743132378504,1.0,0.05246140479021808,0.021244104225912,-0.021571547279613135
CA-CB-CG-CD--COS,-0.07992477724614389,-0.11037713770110645,-0.038554630503728406,0.03932426016554161,0.05246140479021808,1.0,-0.0053677671043888,0.004600852017851638
CB-CG-CD-OE1--COS,-0.05433385064933695,0.012535287002670262,-0.026383965167932906,0.026085944575457175,0.021244104225912,-0.0053677671043888,1.0,-0.9996320014515842
CB-CG-CD-OE2--COS,0.0538037850306658,-0.01276108426333308,0.026538767635429006,-0.026218066641942032,-0.021571547279613135,0.004600852017851638,-0.9996320014515842,1.0
