,N-CA-CB-CG--SIN,CA-CB-CG-CD--SIN,CB-CG-CD-OE1--SIN,CB-CG-CD-OE2--SIN,N-CA-CB-CG--COS,CA-CB-CG-CD--COS,CB-CG-CD-OE1--COS,CB-CG-CD-OE2--COS
N-CA-CB-CG--SIN,1.0,0.09356553887664595,0.10280672314955938,-0.1017477356452502,-0.35292982153642055,-0.1087145424783633,-0.06043628549754343,0.06029123998060609
CA-CB-CG-CD--SIN,0.09356553887664595,1.0,0.20959934355443335,-0.20873846726159628,-0.2793750825203899,-0.10745809285714908,0.0008010082350468487,-0.0006639479212781127
CB-CG-CD-OE1--SIN,0.10280672314955938,0.20959934355443335,1.0,-0.9997857928865528,-0.1154728475474231,-0.03334396656765066,-0.03996441575646909,0.040311473035046404
CB-CG-CD-OE2--SIN,-0.1017477356452502,-0.20873846726159628,-0.9997857928865528,1.0,0.11465077890310488,0.03344631616483796,0.03947809181033123,-0.039802905762016255
N-CA-CB-CG--COS,-0.35292982153642055,-0.2793750825203899,-0.1154728475474231,0.11465077890310488,1.0,0.05519130499982657,0.04380720796053957,-0.043912632784560895
CA-CB-CG-CD--COS,-0.1087145424783633,-0.10745809285714908,-0.03334396656765066,0.03344631616483796,0.05519130499982657,1.0,0.007384317067017236,-0.008153362404901122
CB-CG-CD-OE1--COS,-0.06043628549754343,0.0008010082350468487,-0.03996441575646909,0.03947809181033123,0.04380720796053957,0.007384317067017236,1.0,-0.9998016656689445
CB-CG-CD-OE2--COS,0.06029123998060609,-0.0006639479212781127,0.040311473035046404,-0.039802905762016255,-0.043912632784560895,-0.008153362404901122,-0.9998016656689445,1.0
