,Label,Phi,Psi,SecStruc,Front,Back,N-CA-CB-CG--SIN,CA-CB-CG-CD--SIN,CB-CG-CD-OE1--SIN,CB-CG-CD-OE2--SIN,N-CA-CB-CG--COS,CA-CB-CG-CD--COS,CB-CG-CD-OE1--COS,CB-CG-CD-OE2--COS
count,7222.0,7222.0,7222.0,7222.0,7222.0,7222.0,7222.0,7222.0,7222.0,7222.0,7222.0,7222.0,7222.0,7222.0
mean,3610.5,24.645978325786526,-77.11769481030188,0.6469122126834672,8.518554417058986,8.778039324286901,-0.45296292926301335,-0.02797845958609055,-0.023271645258400735,0.022660861360264874,-0.08374980979103175,-0.5142413622785564,0.40992669346500615,-0.4112155382352311
std,2084.956154614928,83.3181065163314,37.928163253012556,0.6621115126773527,6.031503566545132,6.192713609311416,0.5862486125107892,0.5866893097959215,0.6314088728871795,0.6292169993334912,0.6665074780728325,0.6250363476759604,0.6579183161501757,0.6592338208283057
min,0.0,-179.94299999999996,-179.592,0.0,0.0,0.0,-0.9999999754341284,-0.999999974259828,-0.9999953355493856,-0.9999999738623024,-0.9999999986292216,-0.9999999975630608,-0.9999998719083776,-0.9999999390765166
25%,1805.25,-40.959649999999996,-94.7334,0.0,3.0,3.0,-0.927975500180235,-0.3580989500370493,-0.6140414043493078,-0.5517259338055394,-0.9570567863650284,-0.9932589390054525,0.20342027867182477,-0.923017268121382
50%,3610.5,-22.56385,-69.80430000000001,1.0,8.0,9.0,-0.7776048730601688,-0.0037699022401513106,-0.03370299267404642,0.03355925540891118,0.2509451729902547,-0.9500537857439211,0.6629271782416726,-0.6675791983734611
75%,5415.75,125.31725,-60.6665,1.0,14.0,15.0,-0.06048671068463967,0.2821363034395423,0.5577562913614342,0.609460416472452,0.45169950786176827,0.16220318187120608,0.9195410248655558,-0.20415007569965554
max,7221.0,179.835,179.84900000000005,2.0,19.0,19.0,0.9999554389437108,0.9999999994501656,0.9999994876335436,0.9999955045752416,0.9999754086860196,0.9997852973279342,0.999999993632318,0.9999999983954638
