,Label,Phi,Psi,SecStruc,Front,Back,N-CA-CB-CG--SIN,CA-CB-CG-CD--SIN,CB-CG-CD-OE1--SIN,CB-CG-CD-OE2--SIN,N-CA-CB-CG--COS,CA-CB-CG-CD--COS,CB-CG-CD-OE1--COS,CB-CG-CD-OE2--COS
count,7222.0,7222.0,7222.0,7222.0,7222.0,7222.0,7222.0,7222.0,7222.0,7222.0,7222.0,7222.0,7222.0,7222.0
mean,3610.5,24.645978325786526,-77.11769481030188,0.6469122126834672,8.518554417058986,8.778039324286901,-0.003831909803543475,0.0029672822324796695,0.007107301569277136,0.007500439311016586,-0.024483242344181158,-0.04946488853705876,-0.007236920898856161,-0.007699909152777013
std,2084.956154614928,83.3181065163314,37.928163253012556,0.6621115126773527,6.031503566545132,6.192713609311416,0.70337497885729,0.7003573619292504,0.7080238773960457,0.7023586613127761,0.7104842900149736,0.7121672068714779,0.7062136879185267,0.7118393320554947
min,0.0,-179.94299999999996,-179.592,0.0,0.0,0.0,-0.9999996958101164,-0.9999986858300041,-0.9999998915439032,-0.9999999866097796,-0.9999999894466748,-0.99999991568729,-0.9999997620853358,-0.9999999746125018
25%,1805.25,-40.959649999999996,-94.7334,0.0,3.0,3.0,-0.7064591915454647,-0.6872386405996858,-0.7001033566004098,-0.6941241088475734,-0.7426395432668642,-0.7602464366729784,-0.7134957752938862,-0.7340198200920051
50%,3610.5,-22.56385,-69.80430000000001,1.0,8.0,9.0,-0.001532836190239585,0.004187764588228639,0.02105069309767316,0.016202964071001153,-0.045684467578503,-0.08845141396722275,-0.012954120818477678,-0.009703520835373333
75%,5415.75,125.31725,-60.6665,1.0,14.0,15.0,0.6834819098929833,0.6951169891449179,0.7086404894806977,0.6986989237540839,0.6968255926358191,0.6646186221048098,0.7037329480965102,0.7049384339327589
max,7221.0,179.835,179.84900000000005,2.0,19.0,19.0,0.9999993295784988,0.9999998524370066,0.9999999507430134,0.9999999998864147,0.9999999985916922,0.9999999495833608,0.9999999626086928,0.9999999991500964
