,"('SecStruc', 'Front', 'Back')"
count,1200.0
mean,200.85416666666666
std,223.17633752408528
min,3.0
25%,52.75
50%,109.5
75%,287.0
max,1666.0
