,"('SecStruc', 'Front', 'Back')"
count,1031.0
mean,7.004849660523763
std,5.992793062585119
min,1.0
25%,2.0
50%,5.0
75%,10.0
max,38.0
