,"('SecStruc', 'Front', 'Back')"
count,913.0
mean,3.0744797371303396
std,2.394926879143085
min,1.0
25%,1.0
50%,2.0
75%,4.0
max,16.0
