,"('SecStruc', 'Front', 'Back')"
count,1200.0
mean,76.34083333333334
std,68.06152835736823
min,2.0
25%,30.0
50%,54.0
75%,101.0
max,432.0
