,N-CA-CB-CG1--SIN,N-CA-CB-CG2--SIN,CA-CB-CG-CD1--SIN,N-CA-CB-CG1--COS,N-CA-CB-CG2--COS,CA-CB-CG-CD1--COS
N-CA-CB-CG1--SIN,1.0,-0.5920514034608259,0.16248043211678279,-0.17908784279554785,0.916953024244131,-0.09448111960356072
N-CA-CB-CG2--SIN,-0.5920514034608259,1.0,0.10588562665653439,-0.6829000827009467,-0.2236893934975246,0.1234881448231656
CA-CB-CG-CD1--SIN,0.16248043211678279,0.10588562665653439,1.0,-0.2935066148158057,0.25370796206026636,-0.4693733723005214
N-CA-CB-CG1--COS,-0.17908784279554785,-0.6829000827009467,-0.2935066148158057,1.0,-0.5551451750994629,-0.053368429201410654
N-CA-CB-CG2--COS,0.916953024244131,-0.2236893934975246,0.25370796206026636,-0.5551451750994629,1.0,-0.05838934020897315
CA-CB-CG-CD1--COS,-0.09448111960356072,0.1234881448231656,-0.4693733723005214,-0.053368429201410654,-0.05838934020897315,1.0
