,Label,Phi,Psi,SecStruc,Front,Back,N-CA-CB-CG1--SIN,N-CA-CB-CG2--SIN,CA-CB-CG-CD1--SIN,N-CA-CB-CG1--COS,N-CA-CB-CG2--COS,CA-CB-CG-CD1--COS
count,236807.0,236807.0,236807.0,236807.0,236807.0,236807.0,236807.0,236807.0,236807.0,236807.0,236807.0,236807.0
mean,118403.0,51.25285775212282,-90.28215558337962,0.6981930432799706,8.839941386867787,8.791370187536685,-0.5842994192985863,0.042488085864346346,0.04760114105324895,0.32047529684664394,-0.6650663877061482,-0.6437740744420747
std,68360.43693540877,85.68636019669194,46.70635058177936,0.5615343245328115,6.257596516307323,6.163121761468769,0.6055663423480924,0.44457667844225,0.4807161439961769,0.4349500260737389,0.5985276826524059,0.5934673744189571
min,0.0,-179.99599999999995,-179.93599999999995,0.0,0.0,0.0,-0.999999992322118,-0.9999999765810128,-0.9999999986292216,-0.9999999993907652,-1.0,-1.0
25%,59201.5,-41.8361,-116.012,0.0,3.0,3.0,-0.9186488806511897,-0.054880472089408994,-0.03205620565761615,0.3362176561161244,-0.9971153497446102,-0.9938628852289688
50%,118403.0,106.813,-87.1117,1.0,9.0,9.0,-0.8641571349708694,0.08659934910429114,0.1338824091658189,0.4402839552516199,-0.9863345287334272,-0.9722720497293552
75%,177604.5,129.1585,-64.47855,1.0,15.0,15.0,-0.7225890138885748,0.20956736600594808,0.2795106340629599,0.5338226261189951,-0.9235251456009411,-0.7792121815216577
max,236806.0,179.99599999999995,10000.0,2.0,19.0,19.0,0.9999999455938062,0.9999998459793442,0.9999999997425982,0.9999990622032324,0.9999971053585429,0.9999967203503626
