,"('SecStruc', 'Front', 'Back')"
count,1200.0
mean,197.33916666666667
std,217.89564679768932
min,1.0
25%,36.0
50%,104.5
75%,292.75
max,1275.0
