,N-CA-CB-CG1--SIN,N-CA-CB-CG2--SIN,CA-CB-CG-CD1--SIN,N-CA-CB-CG1--COS,N-CA-CB-CG2--COS,CA-CB-CG-CD1--COS
N-CA-CB-CG1--SIN,1.0,0.021823089444429126,-0.005210193312148588,0.004477864344079528,0.16409418405508186,-0.004079388151006491
N-CA-CB-CG2--SIN,0.021823089444429126,1.0,-0.016116519930650972,-0.1389850569007931,-0.014919108040159354,0.0031516430613391486
CA-CB-CG-CD1--SIN,-0.005210193312148588,-0.016116519930650972,1.0,-0.01854915834432805,-0.015512598638000393,-7.706596705421737e-05
N-CA-CB-CG1--COS,0.004477864344079528,-0.1389850569007931,-0.01854915834432805,1.0,0.022146687602353842,0.007130579903366311
N-CA-CB-CG2--COS,0.16409418405508186,-0.014919108040159354,-0.015512598638000393,0.022146687602353842,1.0,-0.026733753753250683
CA-CB-CG-CD1--COS,-0.004079388151006491,0.0031516430613391486,-7.706596705421737e-05,0.007130579903366311,-0.026733753753250683,1.0
