,"('SecStruc', 'Front', 'Back')"
count,1019.0
mean,7.577036310107949
std,6.696677081863726
min,1.0
25%,2.0
50%,5.0
75%,11.0
max,37.0
