,Label,Phi,Psi,SecStruc,Front,Back,N-CA-CB-CG1--SIN,N-CA-CB-CG2--SIN,CA-CB-CG-CD1--SIN,N-CA-CB-CG1--COS,N-CA-CB-CG2--COS,CA-CB-CG-CD1--COS
count,7721.0,7721.0,7721.0,7721.0,7721.0,7721.0,7721.0,7721.0,7721.0,7721.0,7721.0,7721.0
mean,3860.0,47.45421767585808,-89.312731653931,0.7208910762854552,8.952726330786168,8.989897681647456,-0.5609566290277446,0.030858407122034373,0.057509950615497026,0.3175415223551388,-0.6439910029275444,-0.6361834086442204
std,2229.0050471006116,86.02839334066962,31.627871581002008,0.5974384297840173,6.07771075484228,6.0187015540119075,0.6184682795952322,0.4635220517047657,0.49212251586507155,0.4495194554829884,0.607903235716323,0.5914857434507658
min,0.0,-179.89,-176.145,0.0,0.0,0.0,-0.9999996161759832,-0.9999996563534929,-0.9999742719707388,-0.9999998134218362,-1.0,-0.9999999986292216
25%,1930.0,-41.7721,-115.81,0.0,3.0,3.0,-0.9175180977016713,-0.0859212078458965,-0.05779054204879886,0.3246141495272144,-0.9966971831074573,-0.9940696314014056
50%,3860.0,93.6785,-84.6084,1.0,9.0,9.0,-0.8564040856179245,0.07798930080789565,0.1268222392765886,0.44307588481007903,-0.9841399265901258,-0.9706073696085792
75%,5790.0,128.219,-63.7533,1.0,15.0,15.0,-0.6476027181794508,0.21657592846624515,0.2951911514534159,0.5462978668050074,-0.810900436368623,-0.6284383421418773
max,7720.0,179.685,176.23,2.0,19.0,19.0,0.9999977181483304,0.9999983904263552,0.9999981870989124,0.999997003011494,0.9999785306869337,0.9990464316820051
