,N-CA-CB-CG--SIN,CA-CB-CG-CD1--SIN,CA-CB-CG-CD2--SIN,N-CA-CB-CG--COS,CA-CB-CG-CD1--COS,CA-CB-CG-CD2--COS
N-CA-CB-CG--SIN,1.0,0.004632683823693729,0.0022070956317528953,-0.004094855601838379,-0.005236379367464048,0.005660737360807411
CA-CB-CG-CD1--SIN,0.004632683823693729,1.0,-0.07578244209342228,-0.006217134038704516,-0.0021201179092157404,-0.25265109167811517
CA-CB-CG-CD2--SIN,0.0022070956317528953,-0.07578244209342228,1.0,0.009092792636282524,0.25013697664862466,0.0027538527417664983
N-CA-CB-CG--COS,-0.004094855601838379,-0.006217134038704516,0.009092792636282524,1.0,-0.011479903723966574,-0.005636201210832533
CA-CB-CG-CD1--COS,-0.005236379367464048,-0.0021201179092157404,0.25013697664862466,-0.011479903723966574,1.0,-0.07460542274437384
CA-CB-CG-CD2--COS,0.005660737360807411,-0.25265109167811517,0.0027538527417664983,-0.005636201210832533,-0.07460542274437384,1.0
