,"('SecStruc', 'Front', 'Back')"
count,1199.0
mean,318.5129274395329
std,333.7315826230526
min,3.0
25%,70.0
50%,182.0
75%,485.0
max,2561.0
