,Label,Phi,Psi,SecStruc,Front,Back,N-CA-CB-CG--SIN,CA-CB-CG-CD1--SIN,CA-CB-CG-CD2--SIN,N-CA-CB-CG--COS,CA-CB-CG-CD1--COS,CA-CB-CG-CD2--COS
count,12499.0,12499.0,12499.0,12499.0,12499.0,12499.0,12499.0,12499.0,12499.0,12499.0,12499.0,12499.0
mean,6249.0,31.48334748243057,-80.99113806384536,0.6694935594847587,8.832786622929834,8.99023921913753,0.009772231255787862,0.0038554510048991195,0.0013264538323969016,-0.016362052377474092,-0.03914837656317862,-0.016975981363424826
std,3608.294841980997,84.68385816929478,32.76687278541966,0.626000744286793,6.067316696568368,6.033225398091095,0.7035686833530317,0.6996915104685616,0.7035576430543719,0.7104279543229549,0.7134172827130598,0.7104904567125577
min,0.0,-179.767,-179.40900000000005,0.0,0.0,0.0,-0.9999999789218222,-0.9999999785823194,-0.9999999888400306,-0.9999999989545946,-0.9999999760752292,-0.999999699945596
25%,3124.5,-41.4769,-101.7165,0.0,3.0,3.0,-0.6850618494850484,-0.6869297662592317,-0.7062698550141556,-0.731442323908223,-0.7585093755536443,-0.7271842260891385
50%,6249.0,-18.188,-73.4731,1.0,9.0,9.0,0.015324289133190547,0.011261827062986032,0.011218510050914095,-0.02741777945679778,-0.07706556421831127,-0.04173847313228591
75%,9373.5,126.9345,-62.21225000000001,1.0,15.0,15.0,0.7120684006812461,0.7012203192853486,0.6975670336496782,0.6954650786655417,0.6784889015135189,0.6974311825943132
max,12498.0,179.736,179.93400000000003,2.0,19.0,19.0,0.9999999998864147,0.9999998113094898,0.9999999998864147,0.999999982214826,0.9999999961141786,0.9999999919943332
