,"('SecStruc', 'Front', 'Back')"
count,1104.0
mean,11.321557971014492
std,10.066183837218903
min,1.0
25%,3.0
50%,8.0
75%,17.0
max,64.0
