,"('SecStruc', 'Front', 'Back')"
count,1030.0
mean,6.534951456310679
std,5.840796981207115
min,1.0
25%,2.0
50%,5.0
75%,9.0
max,41.0
