,N-CA-CB-CG--SIN,CA-CB-CG-CD--SIN,CB-CG-CD-CE--SIN,CG-CD-CE-NZ--SIN,N-CA-CB-CG--COS,CA-CB-CG-CD--COS,CB-CG-CD-CE--COS,CG-CD-CE-NZ--COS
N-CA-CB-CG--SIN,1.0,-0.015433777721550855,0.00825308527479376,0.011470907555468228,0.0009874752017550875,-0.006371212955564806,0.001427771459684807,-0.014335036470247923
CA-CB-CG-CD--SIN,-0.015433777721550855,1.0,0.002560827877558871,-0.017000603565181245,0.007567506199309783,0.001978861152755595,0.010303730555755595,0.019896961189974374
CB-CG-CD-CE--SIN,0.00825308527479376,0.002560827877558871,1.0,-0.006384939018129638,-0.006800231961029769,-0.005017373401198782,-0.007201653129720138,-0.014100946867901434
CG-CD-CE-NZ--SIN,0.011470907555468228,-0.017000603565181245,-0.006384939018129638,1.0,1.0047131804450931e-05,0.00027903417428834997,-0.0063230201348075605,-0.006191040333598474
N-CA-CB-CG--COS,0.0009874752017550875,0.007567506199309783,-0.006800231961029769,1.0047131804450931e-05,1.0,-0.008750721588507407,0.005546119285512214,0.01928781340854753
CA-CB-CG-CD--COS,-0.006371212955564806,0.001978861152755595,-0.005017373401198782,0.00027903417428834997,-0.008750721588507407,1.0,-0.011646086231295646,-0.011396870393134924
CB-CG-CD-CE--COS,0.001427771459684807,0.010303730555755595,-0.007201653129720138,-0.0063230201348075605,0.005546119285512214,-0.011646086231295646,1.0,0.007706407915336157
CG-CD-CE-NZ--COS,-0.014335036470247923,0.019896961189974374,-0.014100946867901434,-0.006191040333598474,0.01928781340854753,-0.011396870393134924,0.007706407915336157,1.0
