,Label,Phi,Psi,SecStruc,Front,Back,N-CA-CB-CG--SIN,CA-CB-CG-CD--SIN,CB-CG-CD-CE--SIN,CG-CD-CE-NZ--SIN,N-CA-CB-CG--COS,CA-CB-CG-CD--COS,CB-CG-CD-CE--COS,CG-CD-CE-NZ--COS
count,6731.0,6731.0,6731.0,6731.0,6731.0,6731.0,6731.0,6731.0,6731.0,6731.0,6731.0,6731.0,6731.0,6731.0
mean,3365.0,32.53908313498739,-78.39357378844154,0.6935076511662457,8.638092408260288,8.700341702570197,-0.0012010550011177555,0.0027149134150008035,-0.011435188730799736,0.0021513453963684427,-0.014330022534222784,-0.029872167976462242,-0.041012152551134426,-0.04674196544902496
std,1943.2166631644552,85.83372717097541,41.366864572008474,0.6634936445796729,6.1064406247416425,6.045648407554711,0.7039145857721762,0.697373087933454,0.6944267076821483,0.699317086619319,0.7102436353403219,0.7161839943577719,0.7184059482733235,0.7133823910259958
min,0.0,-179.63,-178.891,0.0,0.0,0.0,-0.9999972745757209,-0.999999999765425,-0.9999999982951916,-0.9999999703053732,-0.9999999973891536,-0.9999999760752292,-0.9999999893820558,-0.9999997859623722
25%,1682.5,-40.5296,-101.6605,0.0,3.0,3.0,-0.7041368921469822,-0.682873315278421,-0.6864268970340645,-0.6983521517908868,-0.724215680910468,-0.7587501999663806,-0.7664325226691349,-0.7589508204117197
50%,3365.0,-14.0803,-71.8411,1.0,9.0,9.0,0.0027812510325567327,0.003996695510841737,-0.030998327337994156,0.0054040262582859605,-0.018755645201430703,-0.058980822068370485,-0.06815409405515274,-0.0918852820048447
75%,5047.5,130.1895,-60.7723,1.0,15.0,15.0,0.7010461753895223,0.6905817034278929,0.6676384745527963,0.6934615679177307,0.6997396545595043,0.6916193839279559,0.683019685851121,0.6631241610724892
max,6730.0,179.812,179.954,2.0,19.0,19.0,0.9999999799240568,0.9999994848142824,0.9999999999197794,0.9999996855493896,0.9999999912569016,0.9999997506806244,0.9999998865625628,0.9999999970541084
