,Label,Phi,Psi,SecStruc,Front,Back,N-CA-CB-CG--SIN,CA-CB-CG-CD--SIN,CB-CG-CD-CE--SIN,CG-CD-CE-NZ--SIN,N-CA-CB-CG--COS,CA-CB-CG-CD--COS,CB-CG-CD-CE--COS,CG-CD-CE-NZ--COS
count,199699.0,199699.0,199699.0,199699.0,199699.0,199699.0,199699.0,199699.0,199699.0,199699.0,199699.0,199699.0,199699.0,199699.0
mean,99849.0,29.29227490589386,-78.05616695905404,0.6434433822903469,8.341468910710619,8.607854821506367,-0.4863286801337181,-0.05392804974319787,-0.005326166445134336,-0.002528939566511266,-0.08890419457858527,-0.6540414961379332,-0.6465292285559738,-0.4865705766772261
std,57648.28004083614,84.24873653868305,59.72655238230923,0.6473495932042439,6.2013853137069574,6.170431157370072,0.5629399670698747,0.5006686588626331,0.5175996456099158,0.5681768371932779,0.6623313643159703,0.5644955550981575,0.560415122651755,0.6636426614061991
min,0.0,-179.99400000000003,-179.99,0.0,0.0,0.0,-0.9999999999939077,-0.9999999999862922,-0.9999999999984768,-0.9999999999253688,-1.0,-1.0,-1.0,-1.0
25%,49924.5,-40.825500000000005,-100.3275,0.0,3.0,3.0,-0.9296035513063172,-0.2645632051606456,-0.21913955571262278,-0.2858723468216771,-0.9717101055269168,-0.9961611592528647,-0.9966516726059064,-0.9957117911114776
50%,99849.0,-18.445,-70.5954,1.0,8.0,9.0,-0.8213125331189439,-0.0163181042204611,-0.0009948375095383862,0.002949602158855584,0.266743876307222,-0.9765258863873548,-0.9767247189162416,-0.9585018885832858
75%,149773.5,128.661,-60.9801,1.0,15.0,15.0,-0.06946457908215858,0.17813246444491948,0.20914923650584846,0.27852178467631905,0.4452541444631865,-0.6301745255246107,-0.38695237714362346,0.2981696303528744
max,199698.0,179.99599999999995,10000.0,2.0,19.0,19.0,0.9999999629341526,0.99999999987663,0.9999999999756306,0.9999999997806754,0.9999999825024776,0.999999899898128,0.999993528851077,0.9999999963085968
