,"('SecStruc', 'Front', 'Back')"
count,1200.0
mean,166.41583333333332
std,181.9710484336146
min,1.0
25%,47.0
50%,97.0
75%,226.0
max,1542.0
