,N-CA-CB-CG--SIN,CA-CB-CG-CD--SIN,CB-CG-CD-CE--SIN,CG-CD-CE-NZ--SIN,N-CA-CB-CG--COS,CA-CB-CG-CD--COS,CB-CG-CD-CE--COS,CG-CD-CE-NZ--COS
N-CA-CB-CG--SIN,1.0,0.20176942286970082,0.037616198288285704,0.027394180458073437,-0.4263606842818502,-0.14246915561312232,0.027010785483101738,0.006685341289853056
CA-CB-CG-CD--SIN,0.20176942286970082,1.0,0.18241055552025,0.0372843513771806,-0.321810954131623,-0.23065894516524954,0.036058650269637844,-0.012307554796010233
CB-CG-CD-CE--SIN,0.037616198288285704,0.18241055552025,1.0,0.1698776910680074,-0.04194665289790215,-0.027347736282818398,-0.038443549607832334,-0.0002714264106365547
CG-CD-CE-NZ--SIN,0.027394180458073437,0.0372843513771806,0.1698776910680074,1.0,-0.019664401080630535,-0.02701356046258307,0.015015419440529318,-0.005147690987911342
N-CA-CB-CG--COS,-0.4263606842818502,-0.321810954131623,-0.04194665289790215,-0.019664401080630535,1.0,0.07040078360790933,-0.0030194438911215816,-0.006120047846275005
CA-CB-CG-CD--COS,-0.14246915561312232,-0.23065894516524954,-0.027347736282818398,-0.02701356046258307,0.07040078360790933,1.0,-0.08121642278911805,0.04902151119611633
CB-CG-CD-CE--COS,0.027010785483101738,0.036058650269637844,-0.038443549607832334,0.015015419440529318,-0.0030194438911215816,-0.08121642278911805,1.0,-0.05144923941470187
CG-CD-CE-NZ--COS,0.006685341289853056,-0.012307554796010233,-0.0002714264106365547,-0.005147690987911342,-0.006120047846275005,0.04902151119611633,-0.05144923941470187,1.0
