,Label,Phi,Psi,SecStruc,Front,Back,N-CA-CB-CG--SIN,CA-CB-CG-SD--SIN,CB-CG-SD-CE--SIN,N-CA-CB-CG--COS,CA-CB-CG-SD--COS,CB-CG-SD-CE--COS
count,64045.0,64045.0,64045.0,64045.0,64045.0,64045.0,64045.0,64045.0,64045.0,64045.0,64045.0,64045.0
mean,32022.0,34.63994760086501,-83.2875645361853,0.6538215317354985,8.560933718479195,8.603825435240847,-0.5278499497427367,-0.1437089861027478,-0.02892962893142891,-0.018815841855884672,-0.43561471808806607,0.02013904463274458
std,18488.343332128672,86.00931148507144,53.83980178384098,0.6263562161333674,6.246144843328695,6.198954137270535,0.5609727550819615,0.5617320366820193,0.8398669574089519,0.6374489947527215,0.6885179681698717,0.541660949458419
min,0.0,-179.97799999999995,-179.96599999999995,0.0,0.0,0.0,-0.9999999897587624,-0.9999999438529176,-0.9999999999253688,-1.0,-1.0,-0.9999999993907652
25%,16011.0,-40.2621,-106.282,0.0,3.0,3.0,-0.9340069591386718,-0.7606949329533247,-0.9258316719631297,-0.9408452912432764,-0.9942055000136376,-0.2561544078005462
50%,32022.0,-14.6581,-72.9102,1.0,8.0,9.0,-0.8568579208380565,-0.06794563899731096,-0.06787598699821551,0.3089090984473589,-0.9594370779171484,0.20320941585528485
75%,48033.0,132.273,-62.653,1.0,15.0,15.0,-0.11096592680605373,0.15117455730656695,0.9236502743293582,0.4499051712564467,0.3803134529044048,0.3991379719923828
max,64044.0,179.975,10000.0,2.0,19.0,19.0,0.99999999505149,0.9999999892530974,0.9999999981342182,0.9999919933154616,0.9999987747784248,0.9999989448487536
