,"('SecStruc', 'Front', 'Back')"
count,851.0
mean,3.2937720329024676
std,2.4725687980137256
min,1.0
25%,1.0
50%,3.0
75%,4.0
max,16.0
