,N-CA-CB-CG--SIN,CA-CB-CG-SD--SIN,CB-CG-SD-CE--SIN,N-CA-CB-CG--COS,CA-CB-CG-SD--COS,CB-CG-SD-CE--COS
N-CA-CB-CG--SIN,1.0,0.3239652981621515,0.0839270305483564,-0.45250348145075175,-0.16107838443174713,-0.008840588927680464
CA-CB-CG-SD--SIN,0.3239652981621515,1.0,0.31829358394247514,-0.4343307290285233,-0.32119326435758244,-0.05069621745196732
CB-CG-SD-CE--SIN,0.0839270305483564,0.31829358394247514,1.0,-0.10781397675843175,-0.15154328573746548,-0.046320742995175516
N-CA-CB-CG--COS,-0.45250348145075175,-0.4343307290285233,-0.10781397675843175,1.0,0.022642798156972777,-0.00196820865606733
CA-CB-CG-SD--COS,-0.16107838443174713,-0.32119326435758244,-0.15154328573746548,0.022642798156972777,1.0,0.006408699733949622
CB-CG-SD-CE--COS,-0.008840588927680464,-0.05069621745196732,-0.046320742995175516,-0.00196820865606733,0.006408699733949622,1.0
