,N-CA-CB-CG--SIN,CA-CB-CG-SD--SIN,CB-CG-SD-CE--SIN,N-CA-CB-CG--COS,CA-CB-CG-SD--COS,CB-CG-SD-CE--COS
N-CA-CB-CG--SIN,1.0,0.0011677347758105294,-0.006429494809727469,-0.008455843233066078,-0.02709322938161905,0.017972761780569058
CA-CB-CG-SD--SIN,0.0011677347758105294,1.0,0.02312782850014979,0.013869146223644758,0.007860595047090371,0.007889264886175569
CB-CG-SD-CE--SIN,-0.006429494809727469,0.02312782850014979,1.0,-0.016909964132526118,-0.0045409388340115885,0.011262209007579118
N-CA-CB-CG--COS,-0.008455843233066078,0.013869146223644758,-0.016909964132526118,1.0,0.0022271648206977964,-0.016188789048650343
CA-CB-CG-SD--COS,-0.02709322938161905,0.007860595047090371,-0.0045409388340115885,0.0022271648206977964,1.0,-0.026739381579330347
CB-CG-SD-CE--COS,0.017972761780569058,0.007889264886175569,0.011262209007579118,-0.016188789048650343,-0.026739381579330347,1.0
