,"('SecStruc', 'Front', 'Back')"
count,1193.0
mean,53.68398994132439
std,53.85784688710954
min,1.0
25%,14.0
50%,35.0
75%,77.0
max,401.0
