,Label,Phi,Psi,SecStruc,Front,Back,N-CA-CB-CG--SIN,CA-CB-CG-SD--SIN,CB-CG-SD-CE--SIN,N-CA-CB-CG--COS,CA-CB-CG-SD--COS,CB-CG-SD-CE--COS
count,2803.0,2803.0,2803.0,2803.0,2803.0,2803.0,2803.0,2803.0,2803.0,2803.0,2803.0,2803.0
mean,1401.0,31.619286447520373,-81.76146044238313,0.6946129147342134,8.655726007848733,8.625401355690332,-0.529895814307743,-0.15828589894876965,-0.046267381261681964,-0.012112823274578424,-0.40447930175680125,-0.0019607891995649944
std,809.300726965364,85.4978098607281,37.93463633349339,0.6551254722362463,6.144778822708349,6.0971984130447385,0.5551505332709403,0.5762034755106841,0.829665625441226,0.6411928072452175,0.6925468804716033,0.5566565882873208
min,0.0,-179.97799999999995,-179.046,0.0,0.0,0.0,-0.999999690202577,-0.9999974732848598,-0.9999999988058996,-0.9999999657305404,-0.999999974259828,-0.9999997313274478
25%,700.5,-40.6147,-104.4155,0.0,3.0,3.0,-0.9330960154101805,-0.7794130723014818,-0.9256484909623204,-0.9102537145244218,-0.9922562464791146,-0.3527317892646681
50%,1401.0,-14.8431,-72.9644,1.0,9.0,9.0,-0.8428161134497618,-0.09118877280863698,-0.10350430481717034,0.30982691669020695,-0.9292422367059378,0.18131389797959915
75%,2101.5,130.038,-62.13445,1.0,15.0,14.0,-0.12158349620845753,0.16377363763090289,0.9121697979382954,0.4607737890315683,0.40005149462344974,0.39797985396304575
max,2802.0,179.882,176.334,2.0,19.0,19.0,0.9999869690662402,0.9999813742119796,0.9999998507846836,0.9998680979469908,0.9980210805049228,0.9999241908012456
