,"('SecStruc', 'Front', 'Back')"
count,1042.0
mean,5.537428023032629
std,4.6812972564215105
min,1.0
25%,2.0
50%,4.0
75%,8.0
max,28.0
