,"('SecStruc', 'Front', 'Back')"
count,1200.0
mean,136.64416666666668
std,133.6780113740089
min,1.0
25%,39.0
50%,84.0
75%,198.25
max,767.0
