,"('SecStruc', 'Front', 'Back')"
count,1200.0
mean,190.43833333333333
std,181.83072221209585
min,3.0
25%,65.0
50%,127.5
75%,262.25
max,1086.0
