,"('SecStruc', 'Front', 'Back')"
count,1108.0
mean,7.36913357400722
std,6.439491440825811
min,1.0
25%,3.0
50%,5.0
75%,10.0
max,44.0
