,Label,Phi,Psi,SecStruc,Front,Back,N-CA-CB-OG--SIN,N-CA-CB-OG--COS
count,8165.0,8165.0,8165.0,8165.0,8165.0,8165.0,8165.0,8165.0
mean,4082.0,48.443778313202834,-86.93536632578066,0.8232700551132884,8.387997550520515,8.478750765462339,0.15794956745131464,0.07139443025924964
std,2357.1768071148163,94.67501305754709,43.82404500083862,0.6732062097702008,5.977018126414081,6.0469699497334926,0.754361354359581,0.6332554976351581
min,0.0,-179.984,-179.91,0.0,0.0,0.0,-0.9999994911610128,-0.9999999780675458
25%,2041.0,-34.1504,-116.389,0.0,3.0,3.0,-0.764648149633522,-0.6944197901574852
50%,4082.0,13.202,-78.2652,1.0,8.0,9.0,0.22386253242418264,0.36052757923658735
75%,6123.0,145.39700000000005,-63.1509,1.0,14.0,14.0,0.8938484672280785,0.5073368363206379
max,8164.0,179.955,179.862,2.0,19.0,19.0,0.9999985011851916,0.9999567450446774
