,Label,Phi,Psi,SecStruc,Front,Back,N-CA-CB-OG--SIN,N-CA-CB-OG--COS
count,228526.0,228526.0,228526.0,228526.0,228526.0,228526.0,228526.0,228526.0
mean,114262.5,49.03733624741877,-86.11889358083134,0.763549880538757,8.110420696113353,8.344477214846451,0.15030005543283656,0.07369920589313851
std,65969.91814582361,93.46122585769118,76.26267270774024,0.6506278229754761,6.004221118160933,6.094530130809024,0.7629111600912618,0.6244590742914267
min,0.0,-180.0,-179.983,0.0,0.0,0.0,-0.9999999994501656,-1.0
25%,57131.25,-34.275724999999994,-114.28075000000001,0.0,3.0,3.0,-0.7984816053427363,-0.453834957765277
50%,114262.5,8.90116,-76.98759999999999,1.0,8.0,8.0,0.19661358202270288,0.36080512931318226
75%,171393.75,145.99475,-63.5282,1.0,14.0,14.0,0.898831341767294,0.4947668145231603
max,228525.0,179.997,10000.0,2.0,19.0,19.0,0.9999999958815724,0.9999999105739962
