,"('SecStruc', 'Front', 'Back')"
count,1199.0
mean,177.57964970809007
std,194.93383609223272
min,3.0
25%,47.5
50%,105.0
75%,236.0
max,1264.0
