,N-CA-CB-OG1--SIN,N-CA-CB-CG2--SIN,N-CA-CB-OG1--COS,N-CA-CB-CG2--COS
N-CA-CB-OG1--SIN,1.0,-0.704164851422772,-0.0004893504186754552,0.9439964458392369
N-CA-CB-CG2--SIN,-0.704164851422772,1.0,-0.7078521459509939,-0.4319448818309372
N-CA-CB-OG1--COS,-0.0004893504186754552,-0.7078521459509939,1.0,-0.3282827130851659
N-CA-CB-CG2--COS,0.9439964458392369,-0.4319448818309372,-0.3282827130851659,1.0
