,"('SecStruc', 'Front', 'Back')"
count,1074.0
mean,7.116387337057728
std,7.102002892931647
min,1.0
25%,2.0
50%,5.0
75%,9.0
max,47.0
