,Label,Phi,Psi,SecStruc,Front,Back,N-CA-CB-OG1--SIN,N-CA-CB-CG2--SIN,N-CA-CB-OG1--COS,N-CA-CB-CG2--COS
count,212918.0,212918.0,212918.0,212918.0,212918.0,212918.0,212918.0,212918.0,212918.0,212918.0
mean,106458.5,53.26300387267403,-93.69828548915567,0.8170234550390291,8.24917104237312,8.122760875078669,0.0029488072384687377,-0.3036215068010174,0.3456129589914636,-0.17233734363883974
std,61464.27664505619,94.14064308841265,45.94403715692872,0.5917487436715211,6.107364760906251,6.073329194467106,0.8232640358748611,0.5696858098064376,0.4503148342706963,0.7440268966292497
min,0.0,-179.995,-179.984,0.0,0.0,0.0,-0.9999999992628258,-0.9999999986292216,-0.9999999993907652,-1.0
25%,53229.25,-36.854875,-120.83775,0.0,3.0,3.0,-0.8550180144534572,-0.8510542845867879,0.3636882070081736,-0.9945510464439984
50%,106458.5,42.80865,-91.76695000000001,1.0,8.0,8.0,-0.08765125794957984,-0.19967577696861866,0.4775713066383143,0.2828797058280913
75%,159687.75,143.39675000000005,-66.8691,1.0,14.0,14.0,0.8663688109521357,0.04710645070964251,0.5662994330778797,0.5130349719758617
max,212917.0,179.997,10000.0,2.0,19.0,19.0,0.9999999865420024,0.9999999862541391,0.9999999927672558,0.9999999011840718
