,Label,Phi,Psi,SecStruc,Front,Back,N-CA-CB-OG1--SIN,N-CA-CB-CG2--SIN,N-CA-CB-OG1--COS,N-CA-CB-CG2--COS
count,7643.0,7643.0,7643.0,7643.0,7643.0,7643.0,7643.0,7643.0,7643.0,7643.0
mean,3821.0,54.4094394587427,-93.93506238806744,0.8688996467355751,8.36281564830564,8.274499542064634,-0.022334625360365293,-0.2786163561837125,0.3316447315774367,-0.18706677827947296
std,2206.488386554527,94.6312987919505,37.066091392836675,0.6109698407455002,6.07258839241784,6.016575072526159,0.8131205387480117,0.5818027526599342,0.47797941788036913,0.7409457619877337
min,0.0,-179.977,-179.75799999999995,0.0,0.0,0.0,-0.9999997587369208,-0.9999999986292216,-0.9999999780675458,-0.9999999993907652
25%,1910.5,-35.37005,-122.211,0.0,3.0,3.0,-0.851441014809577,-0.8428287927651316,0.33505692164761824,-0.9923373300348952
50%,3821.0,82.8179,-93.3819,1.0,8.0,8.0,-0.14768857894459986,-0.2024112858493648,0.4778396353169736,0.1904903184772615
75%,5731.5,143.28,-67.47399999999999,1.0,14.0,14.0,0.8576563706078852,0.06667443797635775,0.5813556718656884,0.511260081236801
max,7642.0,179.984,178.898,2.0,19.0,19.0,0.9999998814413796,0.9999998856527152,0.9999978061704752,0.9999901950878812
