,N-CA-CB-OG1--SIN,N-CA-CB-CG2--SIN,N-CA-CB-OG1--COS,N-CA-CB-CG2--COS
N-CA-CB-OG1--SIN,1.0,0.2241211598347565,0.004121182218841011,0.23273564063886945
N-CA-CB-CG2--SIN,0.2241211598347565,1.0,-0.23417592030380108,0.0018990735184730356
N-CA-CB-OG1--COS,0.004121182218841011,-0.23417592030380108,1.0,0.23011863086974899
N-CA-CB-CG2--COS,0.23273564063886945,0.0018990735184730356,0.23011863086974899,1.0
