,"('SecStruc', 'Front', 'Back')"
count,1192.0
mean,45.7751677852349
std,43.69578199748219
min,1.0
25%,13.0
50%,29.0
75%,69.0
max,286.0
