,"('SecStruc', 'Front', 'Back')"
count,740.0
mean,2.4905405405405405
std,1.830775024547199
min,1.0
25%,1.0
50%,2.0
75%,3.0
max,13.0
