,"('SecStruc', 'Front', 'Back')"
count,1018.0
mean,5.087426326129666
std,4.244403922554025
min,1.0
25%,2.0
50%,4.0
75%,7.0
max,33.0
